date,USD_KRW,JPY_KRW,EUR_KRW,CNY_KRW
2025-09-01,1393.36,9.4644,1632.32,195.3
2025-09-02,1395.34,9.3877,1625.01,195.31
2025-09-03,1389.43,9.3498,1619.1,194.44
2025-09-04,1393.31,9.3933,1622.79,195.12
2025-09-05,1390.78,9.3986,1626.8,194.85
2025-09-08,1387.88,9.3876,1627.71,194.66
2025-09-09,1386.71,9.4485,1628.55,194.72
2025-09-10,1388.85,9.4164,1625.93,194.99
2025-09-11,1392.96,9.415,1627.67,195.51
2025-09-12,1391.86,9.4097,1630.98,195.42
2025-09-15,1387.98,9.4192,1633.1,194.89
2025-09-16,1381.93,9.4016,1631.64,194.22
2025-09-17,1378.56,9.4171,1631.8,194.05
2025-09-18,1386.5,9.404,1638.56,195.13
2025-09-19,1398.16,9.4417,1640.88,196.49
2025-09-22,1391.29,9.4108,1639.08,195.62
2025-09-23,1394.55,9.4354,1644.59,196.09
2025-09-24,1399.28,9.4263,1644.99,196.33
2025-09-25,1403.93,9.4337,1648.07,197.07
2025-09-26,1409.82,9.4144,1645.54,197.52
2025-09-29,1401.78,9.4237,1643.31,196.85
2025-09-30,1403.67,9.4846,1648.05,197.16
2025-10-01,1405.25,9.5525,1647.52,197.38
2025-10-02,1401.4,9.5474,1647.21,196.84
2025-10-03,1405.57,9.539,1649.29,197.42
2025-10-06,1412.23,9.4122,1649.2,198.36
2025-10-07,1413.2,9.3646,1648.64,198.5
2025-10-08,1424.33,9.3284,1656.07,200.06
2025-10-09,1419.17,9.2886,1647.8,199.26
2025-10-10,1421.03,9.3157,1643.85,199.5
2025-10-13,1427.6,9.3851,1651.59,200.17
2025-10-14,1434.71,9.4327,1657.52,200.94
2025-10-15,1423.59,9.3936,1654.5,199.76
2025-10-16,1417.88,9.3724,1651.69,198.98
2025-10-17,1420.58,9.4444,1659.38,199.45
2025-10-20,1423.54,9.4425,1659.14,199.84
2025-10-21,1430.5,9.4099,1660.38,200.95
2025-10-22,1432.66,9.4362,1660.02,201.03
2025-10-23,1440.43,9.4376,1669.89,202.18
2025-10-24,1439.45,9.4142,1671.49,202.1
2025-10-27,1432.32,9.3701,1667.22,201.52
2025-10-28,1436.38,9.432,1670.51,202.27
2025-10-29,1422.95,9.3508,1655.74,200.43
2025-10-30,1434.99,9.292,1657.41,201.71
2025-10-31,1428.14,9.2628,1650.07,200.69
2025-11-03,1430.02,9.2726,1646.53,200.83
2025-11-04,1439.2,9.3757,1653.78,201.98
2025-11-05,1444.0,9.3929,1659.45,202.61
2025-11-06,1445.76,9.4124,1667.4,203.07
2025-11-07,1459.64,9.5344,1687.49,204.98
2025-11-10,1454.13,9.4362,1682.57,204.25
2025-11-11,1465.1,9.5027,1695.85,205.81
2025-11-12,1465.88,9.4698,1696.9,205.98
2025-11-13,1463.48,9.4694,1700.42,206.24
2025-11-14,1451.5,9.4337,1690.71,204.55
2025-11-17,1461.46,9.4352,1694.27,205.62
2025-11-18,1462.99,9.4232,1695.61,205.75
2025-11-19,1466.01,9.3894,1698.08,206.18
2025-11-20,1469.35,9.3228,1691.81,206.55
2025-11-21,1474.29,9.4062,1698.38,207.36
2025-11-24,1473.27,9.3849,1700.74,207.83
2025-11-25,1464.88,9.3786,1692.08,206.74
2025-11-26,1474.3,9.4251,1706.8,208.25
2025-11-27,1462.24,9.3543,1694.15,206.43
2025-11-28,1469.66,9.4136,1699.81,207.71
2025-12-01,1465.15,9.4648,1706.31,207.18
2025-12-02,1467.9,9.4054,1704.82,207.59
2025-12-03,1464.5,9.4262,1708.78,207.32
2025-12-04,1471.53,9.5081,1716.69,208.09
2025-12-05,1472.58,9.4867,1714.82,208.28
2025-12-08,1466.19,9.4261,1708.85,207.44
2025-12-09,1468.51,9.3917,1708.91,207.88
2025-12-10,1469.97,9.38,1710.16,208.14
2025-12-11,1471.14,9.4556,1723.29,208.43
2025-12-12,1477.12,9.4694,1732.81,209.38
2025-12-15,1465.15,9.4449,1721.99,207.91
2025-12-16,1473.24,9.5287,1734.89,209.2
2025-12-17,1479.38,9.5083,1734.13,210.02
2025-12-18,1477.24,9.4833,1731.18,209.8
2025-12-19,1478.72,9.4047,1731.88,210.01
2025-12-22,1480.39,9.4102,1738.72,210.37
2025-12-23,1480.88,9.4913,1745.36,210.71
2025-12-24,1448.24,9.286,1707.04,206.47
2025-12-29,1437.15,9.1914,1690.95,205.12
2025-12-30,1443.95,9.2525,1697.65,206.49
2025-12-31,1444.2,9.218,1696.94,206.28
2026-01-02,1444.87,9.207,1693.53,206.6
2026-01-05,1449.28,9.2409,1690.44,207.47
2026-01-06,1448.65,9.2603,1695.93,207.41
2026-01-07,1447.68,9.2476,1691.47,207.07
2026-01-08,1452.31,9.2669,1695.57,208.01
2026-01-09,1459.84,9.2608,1699.55,209.08
2026-01-12,1466.91,9.3,1715.11,210.37
2026-01-13,1474.08,9.2799,1717.89,211.32
2026-01-14,1475.41,9.3009,1719.0,211.58
2026-01-15,1468.32,9.2603,1706.77,210.74
2026-01-16,1472.93,9.3162,1711.1,211.33
2026-01-19,1473.2,9.3281,1713.48,211.56
2026-01-20,1476.8,9.353,1731.99,212.22
2026-01-21,1464.62,9.2821,1719.32,210.32
2026-01-22,1467.72,9.2431,1718.11,210.4
2026-01-23,1467.55,9.279,1723.2,210.72
2026-01-26,1447.77,9.3885,1713.58,208.18
2026-01-27,1441.2,9.3987,1719.21,207.22
2026-01-28,1428.83,9.3613,1710.88,205.69
2026-01-29,1430.83,9.333,1712.42,205.99
2026-01-30,1442.63,9.3658,1719.47,207.58
2026-02-02,1452.48,9.3673,1719.74,209.19
2026-02-03,1448.56,9.2945,1709.44,208.78
2026-02-04,1455.75,9.2935,1720.7,209.71
2026-02-05,1465.15,9.3381,1728.58,211.14
2026-02-06,1467.42,9.3414,1730.68,211.48
2026-02-09,1462.05,9.3606,1737.79,211.2
2026-02-10,1461.64,9.4221,1738.48,211.38
2026-02-11,1451.97,9.4526,1727.84,210.08
2026-02-12,1438.29,9.3569,1707.82,208.41
2026-02-13,1446.45,9.4362,1715.78,209.37
2026-02-16,1441.42,9.3999,1708.8,208.64
2026-02-17,1445.82,9.4434,1709.83,209.28
2026-02-18,1445.89,9.4107,1712.66,209.29
2026-02-19,1449.68,9.359,1703.81,209.84
2026-02-20,1449.66,9.3403,1705.81,209.83
2026-02-23,1443.55,9.3241,1701.08,208.95
2026-02-24,1443.3,9.2615,1699.77,209.73
2026-02-25,1427.9,9.1101,1682.64,207.86
2026-02-26,1425.64,9.1352,1684.25,208.39
2026-02-27,1441.97,9.2448,1702.25,210.26
2026-03-02,1462.11,9.286,1710.38,212.44
2026-03-03,1478.5,9.3778,1715.95,214.04
2026-03-04,1464.8,9.3232,1706.34,212.37
2026-03-05,1475.79,9.3677,1714.57,213.85
2026-03-06,1485.18,9.4047,1717.02,215.1
2026-03-09,1485.12,9.3697,1716.06,214.7
2026-03-10,1470.12,9.3176,1711.37,213.77
2026-03-11,1477.11,9.3157,1710.64,215.13
2026-03-12,1480.84,9.322,1709.93,215.58
2026-03-13,1491.7,9.3622,1711.87,216.3
2026-03-16,1490.75,9.3676,1711.08,216.17
2026-03-17,1487.18,9.356,1714.87,215.95
2026-03-18,1503.55,9.4233,1729.08,218.28
2026-03-19,1501.61,9.4552,1725.2,217.61
2026-03-20,1500.8,9.4526,1734.17,217.69
2026-03-23,1487.52,9.3818,1724.93,215.84
2026-03-24,1498.86,9.4311,1734.48,217.44
2026-03-25,1497.53,9.4206,1735.94,217.05
2026-03-26,1506.32,9.4367,1738.14,217.98
2026-03-27,1511.5,9.4526,1740.79,218.62
2026-03-30,1517.7,9.518,1742.93,219.6
2026-03-31,1524.8,9.5601,1753.22,220.97
2026-04-01,1504.81,9.5049,1746.33,218.92
2026-04-02,1516.65,9.5028,1747.94,219.88
2026-04-07,1497.41,9.3681,1730.56,218.36
2026-04-08,1474.23,9.3217,1725.73,215.86
2026-04-09,1479.49,9.3095,1728.78,216.47
2026-04-10,1483.27,9.3175,1737.06,217.22
2026-04-13,1489.95,9.3219,1740.86,218.08
2026-04-14,1470.52,9.2574,1734.18,215.75
2026-04-15,1477.1,9.2846,1740.02,216.55
2026-04-16,1476.51,9.2874,1739.62,216.46
2026-04-17,1478.99,9.2945,1744.76,216.79
2026-04-20,1470.25,9.252,1729.01,215.65
2026-04-21,1469.85,9.2421,1729.57,215.65
2026-04-22,1478.05,9.2832,1734.2,216.58
2026-04-23,1479.36,9.2759,1729.96,216.44
2026-04-24,1477.04,9.2652,1729.91,216.06
2026-04-27,1471.22,9.2406,1728.54,215.62
2026-04-28,1476.89,9.2454,1725.01,215.96
2026-04-29,1478.38,9.252,1730.59,216.34
2026-04-30,1477.0,9.4339,1728.39,216.29
2026-05-04,1472.03,9.3689,1722.28,215.52
2026-05-05,1472.95,9.3335,1721.29,215.65
2026-05-06,1448.1,9.2699,1703.26,212.61
2026-05-07,1450.64,9.2758,1707.4,213.27
2026-05-08,1466.78,9.3566,1725.08,215.66
2026-05-11,1472.9,9.3735,1732.87,216.71
2026-05-12,1488.87,9.4477,1747.64,219.21
2026-05-13,1488.58,9.435,1743.87,219.2
2026-05-14,1491.73,9.4445,1745.62,219.85
2026-05-15,1499.62,9.4585,1743.76,220.19
2026-05-18,1497.8,9.4341,1744.64,220.26
2026-05-19,1508.75,9.4822,1753.17,221.68
2026-05-20,1505.44,9.4661,1746.31,221.3
2026-05-21,1508.74,9.4804,1749.99,221.8
2026-05-22,1517.55,9.5356,1759.6,223.32
2026-05-25,1513.75,9.5248,1762.46,223.12
2026-05-26,1505.3,9.4551,1751.27,221.85
2026-05-27,1499.7,9.4071,1745.2,221.13
2026-05-28,1502.83,9.4247,1745.84,221.66
2026-05-29,1506.27,9.4575,1753.9,222.6
2026-06-01,1508.64,9.4592,1756.96,223.0
2026-06-02,1517.15,9.4972,1767.33,224.34
2026-06-03,1530.99,9.5771,1778.09,226.16
2026-06-04,1532.52,9.5901,1783.85,226.24
2026-06-05,1540.93,9.6391,1793.64,227.76
2026-06-08,1527.95,9.5518,1763.26,225.3
2026-06-09,1525.48,9.5249,1765.44,225.28
2026-06-10,1524.5,9.499,1759.12,224.83
2026-06-11,1529.53,9.5277,1764.62,225.68
2026-06-12,1520.21,9.4896,1758.43,224.81
2026-06-15,1514.3,9.4533,1757.65,224.11
2026-06-16,1508.85,9.4082,1749.36,223.32
2026-06-17,1517.08,9.4632,1758.45,224.44
2026-06-18,1538.89,9.5626,1763.72,227.26
2026-06-19,1532.31,9.504,1757.1,226.36
2026-06-22,1537.08,9.5013,1760.88,226.88
2026-06-23,1536.15,9.5097,1749.98,226.38
2026-06-24,1546.43,9.5645,1753.65,227.05
2026-06-25,1542.92,9.533,1749.98,226.96
2026-06-26,1536.47,9.5048,1751.73,226.01
2026-06-29,1543.75,9.5374,1760.8,227.22
2026-06-30,1550.89,9.5477,1767.08,228.56
2026-07-01,1558.09,9.576,1773.57,229.32
2026-07-02,1548.85,9.5854,1765.53,228.14
2026-07-03,1531.23,9.5021,1752.95,225.8
2026-07-06,1531.07,9.4313,1747.72,225.3
2026-07-07,1514.45,9.3547,1731.47,222.93
2026-07-08,1509.08,9.2874,1720.95,221.91
2026-07-09,1512.45,9.3124,1729.49,222.55
2026-07-10,1504.92,9.2969,1720.12,222.14
2026-07-13,1494.09,9.2148,1706.85,220.45
2026-07-14,1495.49,9.219,1705.61,220.57
2026-07-15,1492.17,9.1889,1701.97,220.27
2026-07-16,1479.45,9.1214,1696.49,218.63
2026-07-17,1485.32,9.1487,1698.46,219.15
2026-07-20,1481.18,9.1215,1692.4,218.89
2026-07-21,1478.4,9.0843,1688.04,218.5
2026-07-22,1480.35,9.078,1688.78,218.57
2026-07-23,1472.72,9.0089,1677.72,217.53
2026-07-24,1461.0,8.9182,1662.18,215.74
2026-07-27,1470.11,8.9838,1674.31,217.28
2026-07-28,1459.45,8.9038,1658.96,215.54
2026-07-29,1452.35,8.873,1652.77,214.65
2026-07-30,1433.7,8.7989,1645.31,212.24
2026-07-31,1443.61,9.0093,1657.99,213.83
2026-08-03,1427.05,9.1081,1646.1,211.33
2026-08-04,1427.11,9.0661,1643.32,211.31
2026-08-05,1423.72,9.0343,1644.97,210.92
2026-08-06,1423.57,9.0195,1643.09,210.93
2026-08-07,1415.95,8.9427,1633.3,209.84
2026-08-10,1416.62,8.9297,1636.9,210.04
2026-08-11,1412.17,8.8702,1629.64,209.35
2026-08-12,1417.13,8.9077,1636.08,210.16
2026-08-13,1420.29,8.9142,1638.16,210.63
2026-08-14,1411.27,8.8752,1632.42,209.35
2026-08-17,1411.91,8.8674,1636.83,209.5
2026-08-18,1410.07,8.8294,1632.3,209.14
2026-08-19,1391.48,8.7467,1614.81,206.51
2026-08-20,1396.35,8.7953,1631.08,207.68
2026-08-21,1384.23,8.7224,1619.41,205.97
2026-08-24,1384.26,8.6994,1614.6,205.91
2026-08-25,1383.07,8.6857,1612.94,205.82
2026-08-26,1383.49,8.6973,1614.39,205.86
2026-08-27,1380.38,8.6604,1607.45,205.4
2026-08-28,1374.55,8.6079,1600.39,204.52
2026-08-31,1368.03,8.5648,1586.37,203.58
2026-09-01,1374.61,8.5825,1593.17,204.49
2026-09-02,1362.56,8.5376,1577.57,202.72
2026-09-03,1357.29,8.6998,1576.49,202.01
2026-09-04,1350.35,8.6424,1569.38,201.22
2026-09-07,1347.93,8.7104,1566.56,200.85
2026-09-08,1341.67,8.6954,1558.22,199.94
2026-09-09,1336.2,8.718,1556.94,199.2
2026-09-10,1343.8,8.7161,1560.96,200.38
2026-09-11,1342.79,8.7173,1556.56,200.17
2026-09-14,1346.24,8.7107,1555.04,200.68
2026-09-15,1359.15,8.7684,1568.32,202.51
2026-09-16,1367.8,8.8217,1578.03,203.93
2026-09-17,1382.55,8.8801,1587.31,206.12
