month,경기전반체감,경기전반전망,매출체감,매출전망,자금사정체감,자금사정전망,소매업체감,소매업전망,음식점업체감,음식점업전망,서울체감,서울전망,부산체감,부산전망
2013-01,65.5,93.7,65.7,96.7,68.1,96.1,61.0,89.7,66.0,96.7,60.7,90.7,86.0,90.5
2013-02,66.8,83.6,67.9,82.7,70.9,80.9,69.9,92.7,64.7,78.1,71.3,75.6,52.7,88.8
2013-03,95.4,103.7,116.3,102.3,88.5,94.3,101.1,104.0,96.7,106.3,93.0,101.1,74.0,96.3
2013-04,92.5,103.2,93.5,102.7,90.0,95.4,89.9,105.4,96.2,110.7,98.4,99.2,84.7,87.4
2013-05,98.7,106.1,99.7,106.4,95.6,98.5,106.1,108.3,101.3,115.0,102.4,104.7,87.7,92.8
2013-06,89.6,97.2,90.5,97.2,89.4,94.9,88.6,101.6,96.9,100.7,91.7,102.4,89.6,91.2
2013-07,86.8,91.3,87.5,91.9,88.1,91.2,85.2,90.0,95.8,93.9,87.5,89.9,86.9,91.4
2013-08,86.5,90.8,87.7,91.3,88.0,91.6,84.9,90.1,92.6,92.1,85.4,96.2,82.7,92.4
2013-09,97.7,105.3,98.1,106.7,94.8,101.5,112.0,113.4,96.2,104.3,90.8,102.7,84.5,87.3
2013-10,96.1,106.8,97.1,106.8,92.8,101.2,95.2,103.7,100.6,112.0,98.1,99.7,95.6,90.2
2013-11,93.2,100.4,93.8,100.3,92.2,97.5,90.4,101.8,102.1,102.2,90.9,99.5,92.0,97.1
2013-12,99.0,101.0,99.0,101.8,94.7,97.7,94.1,96.6,112.1,111.5,100.0,102.9,94.1,99.6
2014-01,88.6,95.9,89.5,95.8,89.3,95.2,95.9,91.4,82.6,97.6,94.4,96.5,91.9,92.6
2014-02,87.1,92.6,87.4,92.2,87.7,92.7,80.0,94.8,86.5,87.7,88.0,90.7,90.8,89.4
2014-03,102.9,114.5,102.8,114.9,95.2,103.8,102.7,121.0,101.5,113.9,106.0,109.0,99.3,105.0
2014-04,45.9,101.5,47.8,101.7,50.7,97.5,41.9,101.6,38.9,107.3,42.7,99.1,45.3,98.6
2014-05,65.8,82.0,67.2,82.7,65.8,79.2,71.6,90.6,64.8,88.6,62.0,90.2,69.3,78.0
2014-06,53.2,86.8,53.1,86.8,54.3,83.0,56.2,88.7,56.4,95.7,41.5,85.0,52.0,84.7
2014-07,45.4,85.6,46.7,86.0,45.5,81.9,40.4,91.5,46.0,98.5,44.9,71.8,40.0,92.0
2014-08,57.3,71.3,55.9,70.4,53.3,67.7,47.0,66.2,59.8,74.7,53.8,68.4,56.0,70.0
2014-09,79.8,109.3,78.8,112.0,75.3,104.3,92.3,116.2,67.4,91.4,79.9,113.7,75.3,101.3
2014-10,64.2,116.3,64.0,112.0,64.5,111.6,49.4,95.3,62.2,125.5,,120.1,,118.7
2014-11,52.5,100.5,53.2,100.3,53.6,98.4,45.9,89.1,47.1,106.5,,,,
2014-12,53.4,96.4,53.5,97.1,53.5,93.8,54.1,94.0,56.4,108.9,,,,
2015-01,51.1,84.2,51.9,83.8,52.5,84.7,41.5,76.7,43.5,77.8,,,,
2015-02,60.0,77.5,58.8,76.9,60.6,77.5,82.5,100.9,41.7,53.3,,,,
2015-03,60.4,118.4,62.7,118.8,58.9,115.5,62.6,113.9,48.7,115.2,,,,
2015-04,66.7,93.3,69.5,95.7,67.3,87.4,64.4,97.7,60.4,85.9,,,,
2015-05,66.3,83.9,67.9,83.7,66.0,80.1,70.7,91.0,61.7,83.4,,,,
2015-06,43.5,75.5,44.5,75.8,47.5,74.3,47.2,79.5,39.3,77.0,37.3,77.2,60.1,64.0
2015-07,64.2,66.0,64.7,66.5,63.1,66.2,64.9,69.9,69.9,67.5,63.7,61.6,63.4,73.5
2015-08,63.0,79.9,62.7,79.7,62.6,77.8,65.4,78.1,67.5,83.2,63.1,74.1,70.1,93.6
2015-09,69.0,94.1,68.7,94.7,67.1,90.1,70.7,98.2,63.6,82.9,67.0,94.2,66.2,98.2
2015-10,71.4,98.3,72.0,98.2,69.4,94.3,63.9,90.9,62.8,94.7,74.5,92.3,54.9,88.7
2015-11,63.2,90.4,63.9,90.9,65.9,88.1,57.3,85.9,58.2,92.5,58.7,83.0,52.7,78.4
2015-12,59.6,84.2,59.4,84.6,59.5,82.4,50.6,77.7,59.7,84.9,58.3,82.2,63.7,76.2
2016-01,64.6,76.2,67.9,75.9,69.1,75.3,65.3,71.1,64.1,74.2,59.8,66.8,63.7,76.2
2016-02,77.9,86.3,77.3,85.5,78.1,84.8,86.9,93.8,71.4,76.4,73.9,82.8,80.2,79.3
2016-03,82.3,111.1,83.7,110.9,82.9,108.9,81.1,109.0,75.0,109.3,83.2,113.3,79.3,112.5
2016-04,81.3,106.3,82.5,106.8,81.2,104.7,81.4,109.7,78.0,105.5,78.8,105.8,80.2,105.2
2016-05,75.1,102.8,75.9,102.7,75.3,100.9,80.0,112.3,74.6,106.6,78.4,104.8,73.8,98.8
2016-06,66.5,86.3,66.7,87.0,68.0,86.2,66.7,91.2,66.2,87.6,68.9,87.6,65.5,89.6
2016-07,62.6,80.0,63.7,79.8,65.4,79.3,59.7,85.1,62.3,84.3,60.4,77.0,66.5,76.8
2016-08,60.1,78.8,59.8,78.5,61.9,77.9,54.4,76.7,63.6,81.6,59.3,73.7,62.8,78.7
2016-09,78.5,102.1,77.8,102.3,77.7,98.2,80.8,104.3,67.3,90.5,78.0,102.1,73.2,103.0
2016-10,76.6,106.9,76.6,107.3,76.0,104.1,68.8,96.6,66.9,105.5,74.7,111.2,72.9,103.0
2016-11,67.7,94.8,68.2,93.9,68.2,92.9,66.7,90.2,63.7,93.9,64.7,92.1,65.5,93.0
2016-12,62.0,89.6,61.1,89.4,61.5,88.1,57.6,87.2,59.7,93.6,59.1,84.9,62.2,87.8
2017-01,65.6,81.5,64.8,81.1,65.5,79.3,67.6,84.2,61.5,74.3,61.5,79.0,68.1,78.0
2017-02,57.4,85.8,57.7,86.1,58.5,85.8,54.8,83.5,54.6,81.1,60.1,82.8,57.0,83.3
2017-03,77.5,85.3,77.7,84.4,76.6,83.1,76.5,82.0,75.9,83.7,75.1,83.0,71.9,82.2
2017-04,68.2,92.8,68.3,92.3,67.6,90.0,69.6,93.9,58.8,93.6,72.2,92.3,64.6,95.9
2017-05,75.7,90.7,74.8,89.7,74.0,86.6,79.6,97.3,72.9,90.1,74.9,89.9,70.5,90.6
2017-06,63.0,90.2,62.4,89.2,62.1,87.0,64.8,94.5,59.8,91.7,63.2,90.3,64.9,89.2
2017-07,56.0,81.4,55.8,80.2,56.4,78.7,54.8,88.4,55.4,83.9,55.1,78.2,57.9,79.5
2017-08,60.9,77.6,60.1,76.9,61.2,75.6,59.5,80.0,64.4,80.3,55.7,72.2,58.8,77.8
2017-09,72.0,103.3,71.5,102.5,72.0,100.7,72.0,98.1,65.1,98.1,71.1,102.9,75.4,100.3
2017-10,65.5,92.6,65.3,91.8,65.9,91.1,61.6,90.4,57.4,88.8,61.7,85.0,62.3,96.5
2017-11,66.1,97.5,65.7,97.4,66.0,96.6,60.9,90.1,57.4,97.4,62.1,94.0,62.0,98.0
2017-12,64.1,86.8,63.7,86.4,64.2,85.3,60.0,85.9,62.8,88.3,61.0,90.1,61.4,81.0
2018-01,56.6,86.9,56.0,86.3,57.8,86.3,54.4,90.2,53.3,82.8,58.6,87.9,50.3,84.8
2018-02,64.0,81.6,63.9,81.3,64.4,81.1,68.4,89.3,59.1,69.2,57.7,78.6,60.2,78.9
2018-03,79.7,103.0,80.1,102.4,80.0,100.6,73.1,103.5,75.7,100.4,77.8,106.0,78.9,98.8
2018-04,71.9,104.0,71.1,103.7,71.3,103.4,70.2,104.5,68.5,101.2,70.0,101.1,68.4,105.6
2018-05,71.6,93.1,71.0,92.8,71.2,92.6,72.8,101.4,72.0,93.6,70.5,94.5,66.1,92.1
2018-06,62.2,84.7,61.7,84.3,63.3,84.8,66.6,89.4,57.8,86.8,62.6,82.8,55.8,82.7
2018-07,52.5,83.9,51.9,82.9,55.2,83.0,53.4,88.9,52.1,89.0,50.7,79.3,53.5,80.7
2018-08,55.7,73.9,55.5,74.0,56.5,75.0,54.9,77.3,54.2,75.1,56.2,71.1,55.0,70.2
2018-09,67.9,99.4,68.2,99.1,69.7,98.7,66.6,102.2,60.8,89.2,67.2,98.5,64.3,93.3
2018-10,72.8,93.7,72.9,93.5,73.0,92.3,64.2,86.4,69.5,93.3,72.7,90.8,68.1,90.6
2018-11,66.3,93.6,66.3,93.4,68.2,92.7,60.2,89.8,62.1,94.4,67.8,92.5,61.7,91.2
2018-12,62.1,86.8,61.9,87.1,63.6,86.8,52.2,83.5,63.0,91.8,57.5,86.6,59.6,82.7
2019-01,58.8,80.6,58.5,80.1,60.3,80.2,54.0,80.0,58.0,80.1,56.4,78.6,59.9,76.3
2019-02,61.7,81.4,61.8,81.5,64.5,81.8,61.2,87.9,59.0,74.4,61.5,82.6,63.2,80.7
2019-03,73.3,96.0,73.3,95.6,73.6,95.1,68.8,100.5,68.2,92.2,76.2,96.7,70.8,94.4
2019-04,69.8,95.3,69.4,95.1,69.6,93.8,69.6,96.8,61.2,93.8,69.4,96.7,64.3,92.1
2019-05,69.7,87.0,69.5,87.0,70.7,85.3,72.1,91.1,66.6,84.6,71.8,82.4,68.4,82.5
2019-06,65.6,82.1,65.8,81.9,65.8,81.9,68.8,85.1,65.0,82.4,69.2,79.5,64.9,85.1
2019-07,61.1,80.7,61.0,80.6,61.5,80.4,63.4,85.9,57.9,81.0,60.1,73.8,57.0,79.2
2019-08,59.1,77.4,59.1,77.3,59.2,76.7,60.0,78.2,55.9,77.9,53.7,76.2,54.1,71.1
2019-09,76.4,92.0,76.5,91.9,76.9,90.2,80.1,94.5,67.8,81.8,76.7,88.6,73.7,88.9
2019-10,74.9,96.2,75.0,96.2,75.1,95.8,64.2,88.1,71.6,98.4,76.4,98.7,71.9,93.6
2019-11,69.1,94.2,68.8,94.2,70.5,94.2,63.3,90.9,65.7,93.1,68.9,92.7,67.3,91.2
2019-12,66.4,85.8,64.8,86.1,66.8,86.0,56.8,81.5,64.5,90.2,65.8,85.3,69.3,85.4
2020-01,67.3,84.1,66.7,82.8,67.5,83.5,64.6,81.4,60.9,82.3,70.2,85.2,62.3,80.4
2020-02,41.5,87.1,40.8,86.4,44.4,86.5,38.5,84.8,29.8,83.1,40.8,89.4,42.7,85.4
2020-03,29.7,94.1,29.3,94.3,31.3,93.7,35.4,93.4,24.2,92.4,29.4,94.2,34.5,93.3
2020-04,73.8,95.0,73.4,95.0,73.2,94.9,72.9,94.8,77.0,95.5,71.3,91.9,73.4,98.0
2020-05,88.3,99.5,88.5,99.1,87.0,97.9,88.2,100.2,98.5,102.0,88.4,99.1,87.7,97.7
2020-06,82.6,98.9,82.4,99.0,81.8,98.3,88.2,101.0,78.9,104.0,80.1,97.3,81.9,99.7
2020-07,68.1,89.4,68.1,89.3,67.4,90.2,65.5,88.9,68.4,87.0,69.3,90.4,69.3,88.3
2020-08,67.6,93.2,67.4,93.2,68.8,93.5,63.6,95.3,68.9,93.2,65.9,91.0,67.3,90.9
2020-09,54.9,94.1,54.2,94.0,55.2,92.7,60.3,91.9,44.7,91.8,52.2,97.1,56.1,93.6
2020-10,78.0,95.2,77.5,94.9,78.6,94.5,69.8,94.9,78.0,95.0,79.2,94.4,77.9,92.7
2020-11,79.9,96.8,79.8,96.9,79.8,96.5,74.9,93.2,75.8,97.0,77.3,97.0,77.9,95.1
2020-12,51.6,95.9,51.3,95.5,52.3,95.2,53.0,94.7,44.3,95.1,49.4,96.3,47.1,95.1
2021-01,35.8,89.8,32.5,89.5,32.1,89.8,37.7,90.7,29.7,90.4,37.3,88.1,29.4,91.3
2021-02,43.8,62.8,42.2,57.8,37.9,52.8,40.5,65.2,38.0,57.5,42.8,60.6,44.4,62.6
2021-03,59.2,75.0,56.1,70.4,49.9,62.4,56.9,69.7,55.5,74.2,62.4,76.8,53.5,70.6
2021-04,54.0,77.5,53.0,72.2,49.5,65.7,52.7,78.4,52.0,76.6,56.7,78.9,43.2,77.6
2021-05,55.8,71.6,55.7,66.9,51.7,61.6,55.5,77.0,54.7,71.4,53.6,72.2,52.4,66.2
2021-06,53.6,71.5,51.5,68.8,49.5,63.8,53.7,71.9,55.5,72.3,52.3,70.9,49.1,70.0
2021-07,32.8,71.9,34.1,68.1,32.2,63.4,35.8,70.6,25.4,80.4,27.8,67.7,27.4,72.1
2021-08,34.8,45.4,33.6,43.2,32.4,39.9,38.2,47.9,29.4,40.6,37.3,43.0,29.1,36.5
2021-09,57.6,65.2,58.8,65.6,51.3,58.3,67.6,72.4,51.6,51.6,53.6,66.7,51.5,62.9
2021-10,62.5,78.1,58.2,77.5,53.1,71.0,55.9,75.1,66.5,75.8,59.1,79.5,63.5,77.9
2021-11,66.2,87.6,66.0,84.6,59.5,78.5,60.3,81.6,70.0,93.1,67.7,87.1,61.2,87.9
2021-12,39.3,85.4,41.6,83.3,38.8,77.5,42.6,79.2,32.3,90.9,44.9,86.5,31.5,84.7
2022-01,44.3,66.6,37.8,63.2,43.0,62.1,43.0,69.9,38.2,57.5,45.1,70.5,46.2,67.6
2022-02,37.5,68.6,32.9,60.1,38.8,61.1,37.9,69.7,32.0,62.4,41.1,65.0,33.1,64.5
2022-03,54.4,83.3,52.0,76.5,55.4,72.9,51.4,86.8,48.8,79.3,58.5,85.6,52.7,80.8
2022-04,76.4,90.2,71.1,85.5,70.1,82.1,76.0,88.5,76.8,88.5,73.5,91.7,80.2,91.7
2022-05,74.7,101.0,73.0,99.0,71.0,93.0,73.1,101.9,84.2,106.3,74.8,99.2,73.4,103.3
2022-06,65.3,87.1,66.6,85.5,70.6,83.7,66.5,86.0,69.2,92.4,71.0,87.1,70.1,84.3
2022-07,53.8,74.6,55.1,76.3,57.2,76.3,54.5,75.5,57.3,74.9,54.9,76.9,55.3,71.0
2022-08,58.8,70.0,57.3,68.6,59.3,68.3,55.4,71.2,64.1,71.1,57.8,66.5,60.9,67.8
2022-09,71.6,89.9,72.7,88.3,72.3,85.3,73.1,92.2,63.2,84.4,70.1,90.3,74.0,91.1
2022-10,62.7,91.3,64.2,91.6,65.3,89.0,58.5,88.0,57.9,91.5,63.8,96.2,59.2,89.3
2022-11,57.0,78.9,58.6,80.1,61.6,76.4,54.2,77.5,57.8,76.3,57.6,81.6,58.9,78.7
2022-12,56.5,82.0,56.8,83.0,59.5,81.0,55.3,80.3,58.4,85.9,55.7,77.8,53.3,79.3
2023-01,59.8,77.8,51.3,75.3,52.0,74.7,73.9,77.4,58.3,74.3,58.0,77.1,60.7,77.2
2023-02,56.2,72.5,54.0,69.5,56.6,68.6,51.9,69.6,49.2,73.7,57.4,73.7,50.0,69.5
2023-03,69.9,93.9,69.1,91.9,66.9,85.4,67.3,96.9,64.7,89.7,73.6,92.2,71.2,90.9
2023-04,69.4,91.3,69.6,91.1,70.5,86.4,68.6,93.4,68.0,90.7,72.7,89.6,64.7,95.6
2023-05,70.3,88.9,70.7,89.7,71.3,85.4,71.4,94.9,69.9,90.3,64.8,89.1,65.3,88.5
2023-06,63.9,80.8,62.1,80.6,66.5,80.5,65.2,80.5,60.2,85.2,62.5,80.5,66.2,74.4
2023-07,57.3,73.7,56.1,73.5,62.7,75.0,56.0,73.8,53.7,73.5,58.0,74.6,57.6,76.5
2023-08,63.6,83.6,62.9,80.0,66.9,80.7,62.6,81.7,59.5,82.5,62.1,77.0,67.9,80.6
2023-09,70.5,98.0,70.9,95.3,71.6,93.1,72.4,100.7,62.9,88.9,69.3,98.8,67.9,96.8
2023-10,69.6,95.7,69.6,93.6,71.8,90.9,66.4,94.9,62.0,93.2,70.7,98.8,70.9,95.9
2023-11,63.6,89.4,65.2,88.7,68.8,86.4,60.6,83.9,57.2,88.5,62.7,88.7,56.5,90.0
2023-12,59.0,84.9,60.4,82.6,64.4,82.8,53.3,84.6,54.5,85.8,59.0,79.7,50.9,82.9
2024-01,48.1,79.5,48.0,76.8,51.5,79.2,38.2,76.1,41.7,73.9,48.2,80.5,43.5,77.4
2024-02,50.0,65.2,51.0,65.6,52.0,64.2,48.2,60.3,40.1,57.4,47.1,61.3,44.4,60.6
2024-03,64.5,74.6,63.9,74.9,63.6,72.0,59.4,74.5,57.4,68.6,70.5,76.2,64.1,73.2
2024-04,64.8,78.1,65.1,77.7,65.0,74.8,60.0,76.5,61.9,76.4,61.9,81.4,67.1,77.4
2024-05,64.4,73.4,65.3,73.8,65.3,71.4,67.3,74.7,62.0,75.4,63.5,74.4,66.5,76.8
2024-06,57.3,67.4,58.9,69.0,61.9,68.7,56.0,66.4,53.3,67.8,55.1,65.2,57.4,63.8
2024-07,54.5,57.9,57.3,58.8,58.1,62.4,49.9,57.5,51.8,56.3,55.1,56.1,53.8,54.4
2024-08,55.4,56.6,55.6,57.7,58.7,59.0,49.7,53.8,54.0,55.8,54.5,56.8,58.5,59.4
2024-09,65.6,82.8,70.0,83.6,68.9,80.4,63.2,81.8,60.3,75.9,63.7,79.5,64.1,86.5
2024-10,69.1,83.9,72.2,87.5,71.2,83.4,66.8,76.6,61.5,85.9,68.9,85.2,71.2,85.9
2024-11,62.4,79.8,66.6,81.9,67.3,80.7,54.3,76.8,56.3,75.6,56.4,79.1,65.0,82.6
2024-12,53.7,79.3,58.0,80.0,59.3,79.5,48.6,72.4,50.4,83.9,51.6,78.1,56.5,79.1
2025-01,47.6,75.5,51.1,76.5,52.9,76.0,41.9,71.2,44.9,74.6,39.8,77.3,46.5,74.4
2025-02,51.3,69.3,50.7,69.8,54.6,70.4,43.2,69.4,44.6,63.9,50.4,61.9,51.5,70.6
2025-03,66.5,86.6,68.6,86.6,68.4,84.5,57.2,84.8,63.3,78.7,69.1,86.1,65.3,89.7
2025-04,63.6,86.9,65.5,90.0,66.9,86.2,60.4,82.8,59.8,85.6,61.1,87.9,61.2,88.5
2025-05,70.0,79.8,70.4,83.1,72.5,82.0,68.8,83.2,69.9,78.0,72.7,78.3,70.3,79.4
2025-06,67.6,79.1,67.6,80.7,69.2,81.3,66.4,79.4,64.2,75.5,72.7,79.1,67.6,77.9
2025-07,61.5,76.2,61.4,77.4,64.3,78.5,61.6,75.4,60.6,74.7,59.6,80.1,63.2,74.7
2025-08,72.3,76.7,74.1,77.7,75.1,78.0,77.2,76.7,80.1,81.1,73.0,75.2,69.1,80.3
2025-09,76.6,88.3,77.4,90.7,77.7,88.7,78.1,89.3,72.3,85.3,80.3,89.3,81.5,88.5
2025-10,79.1,86.8,81.2,88.9,80.9,86.0,81.2,89.1,72.3,83.0,81.1,87.7,76.8,92.1
2025-11,75.0,90.7,77.6,94.1,76.8,89.2,72.8,88.7,73.4,93.3,72.9,91.0,74.7,92.4
2025-12,70.3,83.2,72.3,86.0,72.6,83.3,64.0,82.1,74.0,84.1,71.1,81.6,67.9,85.6
2026-01,66.9,76.1,67.5,77.7,69.5,79.3,66.0,71.2,63.3,73.9,65.4,76.2,65.3,75.6
2026-02,68.1,80.1,69.7,81.1,69.3,80.9,69.1,81.4,60.7,74.6,69.5,79.3,65.6,81.5
2026-03,57.0,87.2,60.1,89.6,60.4,86.8,57.1,86.7,52.8,84.5,62.1,90.2,57.4,87.6
2026-04,63.7,82.7,63.6,85.4,64.7,83.9,67.8,83.6,62.9,80.4,63.8,83.1,58.9,87.3
2026-05,67.9,84.8,69.3,86.0,69.1,85.1,76.5,89.5,68.0,88.4,60.8,83.9,64.5,82.8
2026-06,,82.8,,83.6,,83.4,,87.1,,86.5,,81.3,,80.5
